uf;br;total_acidentes;total_mortos;perc_fatais
MG;381;2845;158;4.89
BA;101;956;153;12.76
MG;40;1972;153;6.24
PR;277;2157;152;6.21
SP;116;3249;152;4.4
SC;101;4222;147;3.32
RJ;101;2415;138;5.18
BA;116;1038;126;10.6
MG;116;1412;124;7.37
ES;101;2084;123;5.37
PR;376;1700;116;6.41
PE;232;830;105;11.93
MG;262;1095;101;8.22
SC;470;1066;101;7.69
SC;282;1379;100;5.95
RJ;116;1798;95;5.12
GO;153;973;91;6.78
MG;365;600;87;11.83
MT;163;969;84;6.19
RO;364;1112;78;5.76
PB;230;1191;75;5.46
TO;153;482;75;12.45
CE;116;707;72;9.19
MA;316;244;72;25.41
PR;369;915;72;6.56
BA;242;256;69;19.53
PE;101;1130;68;5.49
BA;324;942;63;5.94
RS;116;1317;63;4.18
MT;364;750;60;7.6
RS;386;623;60;7.7
PA;230;280;55;16.79
PR;476;427;55;10.07
GO;60;803;52;6.23
CE;222;359;51;13.09
MG;251;271;51;12.92
PI;343;742;51;6.33
BA;110;210;50;19.52
MT;70;589;50;7.13
MA;135;390;49;11.28
PE;423;144;49;22.22
MS;163;781;47;5.89
PA;316;271;47;15.5
PR;116;1113;47;4.04
MA;10;221;46;18.1
MA;222;152;46;23.68
SC;280;880;44;4.09
PR;153;402;43;9.7
MS;262;285;41;11.93
PA;163;261;40;12.64
RS;290;768;40;4.04
PA;10;158;39;23.42
PR;373;231;39;11.69
PI;135;111;36;22.52
PI;316;448;36;7.81
GO;20;170;34;12.35
PR;163;373;34;8.04
RJ;40;1071;34;2.99
RS;285;408;33;6.86
SP;381;651;32;4.92
AL;101;254;31;11.42
PB;101;509;30;5.3
SE;101;346;30;8.38
GO;70;210;28;11.9
MG;153;269;28;8.55
MG;50;592;28;4.73
RJ;393;320;28;7.81
AL;316;177;27;13.56
ES;262;382;26;6.02
RS;392;364;26;5.49
GO;40;335;25;6.87
GO;414;161;25;12.42
MT;158;119;25;19.33
RN;101;705;25;3.26
RN;304;398;25;5.78
SP;153;449;25;4.68
BA;407;127;24;16.54
MA;226;104;24;20.19
MA;230;119;24;18.49
MT;174;205;24;10.73
PE;104;203;24;11.82
PE;408;141;24;16.31
RJ;493;369;23;5.69
SC;116;328;23;5.79
RS;158;255;22;7.45
RS;470;322;22;6.83
PA;222;37;21;35.14
RN;226;177;21;9.04
RN;405;82;21;25.61
SE;235;241;21;6.22
BA;135;58;20;22.41
PE;316;96;19;19.79
AC;364;220;18;8.18
PB;104;169;18;10.06
PE;424;76;17;19.74
AL;104;130;16;11.54
AM;319;36;16;27.78
BA;235;76;16;18.42
BA;349;52;16;23.08
MS;267;145;16;9.66
PI;230;88;16;15.91
RS;293;110;16;9.09
CE;20;132;15;11.36
GO;364;137;15;8.76
MS;158;133;15;11.28
PI;407;37;15;37.84
AP;210;111;14;8.11
GO;50;159;14;6.29
MG;459;125;14;11.2
MS;60;157;14;7.01
RR;174;81;14;16.05
CE;230;22;13;54.55
PE;428;202;13;5.94
PR;158;99;12;9.09
PR;272;53;12;15.09
AC;317;52;11;21.15
DF;80;68;11;13.24
MA;402;26;11;30.77
MG;267;130;11;7.69
AL;423;39;10;20.51
BA;20;48;10;18.75
BA;420;28;10;28.57
DF;20;348;10;2.87
PA;308;34;10;29.41
PB;412;28;10;35.71
PI;222;33;10;30.3
RS;287;120;10;7.5
SC;153;71;10;9.86
TO;10;127;10;7.09
AM;174;73;9;10.96
CE;402;13;9;38.46
DF;60;121;9;6.61
ES;259;123;9;5.69
GO;452;105;9;6.67
MA;330;5;9;60.0
PE;407;119;9;7.56
RO;435;69;9;11.59
TO;230;21;9;38.1
DF;70;285;8;2.81
GO;80;78;8;10.26
MS;463;60;8;13.33
PA;155;55;8;12.73
PR;487;43;8;9.3
RJ;356;142;8;4.93
RN;110;112;8;7.14
RR;401;35;8;14.29
RS;472;104;8;7.69
SP;101;256;8;2.34
BA;418;37;7;13.51
DF;251;59;7;10.17
GO;158;41;7;12.2
RN;406;127;7;5.51
RO;429;28;7;21.43
RS;101;137;7;5.11
RS;468;45;7;11.11
AL;416;13;6;46.15
AL;424;15;6;26.67
BA;330;49;6;12.24
PB;361;36;6;13.89
PE;116;48;6;10.42
RS;153;135;6;4.44
BA;367;137;5;2.19
CE;226;7;5;57.14
MS;376;62;5;8.06
RR;432;23;5;17.39
RS;471;81;5;6.17
SC;163;135;5;2.96
BA;415;63;4;3.17
PA;153;8;4;50.0
RJ;465;250;4;1.6
RN;427;40;4;10.0
RO;319;128;4;3.13
TO;242;26;4;15.38
CE;304;51;3;3.92
CE;403;6;3;50.0
MG;146;55;3;5.45
MG;356;53;3;5.66
PI;402;24;3;12.5
SC;480;58;3;5.17
TO;235;9;3;11.11
BA;30;4;2;50.0
BA;410;26;2;7.69
DF;40;124;2;1.61
ES;447;8;2;25.0
MG;354;96;2;2.08
MG;364;45;2;4.44
MS;487;6;2;16.67
PB;427;12;2;16.67
PE;110;15;2;13.33
PR;280;22;2;9.09
RO;425;32;2;6.25
RS;448;86;2;2.33
SP;459;29;2;3.45
AM;317;1;1;100.0
ES;393;37;1;2.7
MS;359;6;1;16.67
MS;419;11;1;9.09
PB;405;15;1;6.67
PI;235;4;1;25.0
PR;467;27;1;3.7
RO;174;56;1;1.79
RO;421;23;1;4.35
RR;210;1;1;100.0
SC;158;35;1;2.86
SP;262;7;1;14.29
SP;488;33;1;3.03
TO;226;9;1;11.11
AC;0;3;0;0.0
AC;307;5;0;0.0
AL;110;1;0;0.0
AM;0;4;0;0.0
AM;230;24;0;0.0
AP;0;1;0;0.0
AP;156;57;0;0.0
BA;430;1;0;0.0
CE;0;3;0;0.0
CE;122;2;0;0.0
DF;0;6;0;0.0
ES;0;7;0;0.0
ES;484;1;0;0.0
GO;0;12;0;0.0
GO;251;12;0;0.0
MA;0;1;0;0.0
MG;0;8;0;0.0
MG;265;2;0;0.0
MS;0;3;0;0.0
MS;436;5;0;0.0
MT;0;3;0;0.0
MT;242;1;0;0.0
PA;0;12;0;0.0
PA;158;1;0;0.0
PB;0;5;0;0.0
PB;110;1;0;0.0
PB;116;11;0;0.0
PB;426;1;0;0.0
PE;0;9;0;0.0
PI;0;2;0;0.0
PI;20;1;0;0.0
PR;0;13;0;0.0
PR;469;55;0;0.0
RJ;0;23;0;0.0
RJ;354;6;0;0.0
RJ;485;2;0;0.0
RJ;495;32;0;0.0
RN;0;6;0;0.0
RN;437;1;0;0.0
RO;0;4;0;0.0
RR;0;1;0;0.0
RR;431;1;0;0.0
RS;0;17;0;0.0
RS;480;7;0;0.0
SC;0;10;0;0.0
SC;285;2;0;0.0
SE;0;2;0;0.0
SP;0;9;0;0.0
TO;0;3;0;0.0
